id_gracza|imie|nazwisko|adres|email
1|Oprah|Palmer|4233 Enim St.|nibh@porta.ca
2|Bert|Mcgee|Ap #286-5271 Suspendisse Road|molestie.orci@vitaealiquet.net
3|Orson|Bean|8189 Penatibus Road|arcu.Vestibulum.ante@nuncac.co.uk
4|Camden|Harvey|8238 Nec Rd.|pharetra.nibh.Aliquam@sagittissemper.org
5|Darius|Carrillo|671-2444 Odio St.|dui.semper.et@risus.ca
6|Petra|Garcia|Ap #141-3950 Ridiculus Rd.|lorem@variusNamporttitor.co.uk
7|Kelly|Curry|765-8926 Enim Rd.|sit.amet.faucibus@aliquetPhasellus.co.uk
8|Charde|Collins|2245 Ut St.|dictum.cursus.Nunc@Sedpharetra.net
9|Emerald|Kline|8253 Fringilla. Rd.|mi.enim.condimentum@Craspellentesque.edu
10|Wyoming|Espinoza|1298 Nibh. Rd.|vitae.nibh.Donec@lacusNullatincidunt.org
11|Bradley|West|8410 In, Street|nec.urna@nonlobortisquis.ca
12|Martha|Wilder|807-130 Ornare Av.|tellus.justo@scelerisquedui.ca
13|Graiden|Landry|6330 Gravida Street|venenatis.a.magna@Maecenasmi.edu
14|Quin|Leonard|P.O. Box 804, 660 Cras Ave|facilisis.Suspendisse.commodo@posuere.ca
15|Raja|Dale|415 Vel, St.|enim.Etiam.imperdiet@sit.co.uk
16|Zephania|Duke|P.O. Box 351, 1052 Nam Rd.|urna@odioPhasellusat.ca
17|Quinlan|Moss|1702 Pede. Rd.|semper.dui@Nullamutnisi.edu
18|Victoria|Dawson|916-9056 Euismod St.|egestas@idmagnaet.org
19|Robert|Hines|Ap #199-521 Aliquam Road|lorem.semper@metusIn.edu
20|Judah|Woodward|P.O. Box 809, 5759 Etiam Rd.|tristique.pharetra@Loremipsumdolor.co.uk
21|Emi|Newman|844 Ligula. Street|ultricies.dignissim.lacus@felis.org
22|Keely|Robertson|210-3524 Suspendisse Ave|semper.pretium.neque@tempor.org
23|Thane|Levy|Ap #530-9413 Malesuada Rd.|tellus@volutpat.net
24|Orson|Wiggins|7237 Integer Road|enim@cursusnonegestas.edu
25|Blaine|Bradley|1000 Nulla. Road|auctor.odio@risusInmi.org
26|Mohammad|Beck|8401 Non, Rd.|sapien.Cras@ornareplacerat.edu
27|Erin|Kirby|4888 Vel St.|Aenean.sed.pede@molestie.edu
28|Jonas|Wright|Ap #699-9870 Enim. St.|arcu.Sed@quamvel.com
29|Clementine|Vasquez|Ap #110-4251 Quis Av.|erat.Vivamus.nisi@sedleo.net
30|Jemima|Lawrence|859-7007 Lorem, Av.|velit.Pellentesque.ultricies@euismod.ca
31|Neville|King|Ap #375-9310 Sodales St.|diam.dictum.sapien@mollislectuspede.edu
32|Rose|Blake|P.O. Box 445, 7027 Rutrum Street|sem@ut.org
33|Yetta|Fuller|Ap #999-5377 Vulputate, Avenue|massa@acturpis.org
34|Devin|Dunn|8925 Dictum. Av.|Nunc.sed@Nunclectus.ca
35|Ivana|Norman|P.O. Box 736, 3957 Nibh. St.|non.egestas@iaculisneceleifend.org
36|Honorato|Jenkins|Ap #766-790 Mollis St.|nisi@maurisaliquam.co.uk
37|Allen|Salas|P.O. Box 336, 3990 Odio. St.|natoque@quamvelsapien.com
38|Kevyn|Wise|346 In, Rd.|eget.venenatis.a@a.ca
39|Marsden|Velez|P.O. Box 548, 7780 Donec Av.|nec.quam.Curabitur@Phasellus.com
40|Danielle|Perry|8726 Consequat Road|luctus.felis@neccursusa.org
41|Wilma|Dorsey|Ap #658-1443 At, St.|tellus.Suspendisse.sed@maurisSuspendissealiquet.edu
42|Noah|Hendricks|844-5239 Et Av.|Aenean.gravida@blandit.ca
43|Cadman|Green|9895 Est Road|nec.ante.Maecenas@diamdictumsapien.edu
44|Renee|Hopkins|608-6651 Scelerisque St.|Nulla.semper.tellus@justonec.net
45|Irene|Miller|P.O. Box 460, 1375 Semper Ave|sodales@adipiscing.ca
46|Keaton|Hartman|470-6571 Ac, St.|vel.venenatis@in.net
47|Barry|Buckner|Ap #524-1099 Ornare, Avenue|dapibus@Integersemelit.com
48|Richard|Franklin|3875 Vitae Rd.|Nam.porttitor@luctusutpellentesque.edu
49|Carl|Mcfadden|P.O. Box 445, 9450 Sed Av.|nec.tellus@placerateget.co.uk
50|Blossom|George|839 Arcu. Street|egestas@disparturientmontes.ca
51|Wilma|Myers|942-1602 Tempor St.|Integer@etmagna.com
52|Dante|Patton|P.O. Box 259, 1030 Lorem, Ave|ornare@enimnectempus.org
53|Stuart|Riley|6918 Nisi Rd.|Pellentesque.ultricies@Proindolor.edu
54|Denton|Lindsey|Ap #392-5731 Morbi Rd.|non.nisi@nonhendreritid.co.uk
55|Kenyon|Henry|Ap #822-145 Dapibus St.|enim@ullamcorperDuiscursus.edu
56|Danielle|Alexander|P.O. Box 159, 5187 Lacinia Ave|vitae.erat@fermentum.net
57|Laura|Edwards|541-3105 Rhoncus St.|Duis.at@nuncnulla.edu
58|Connor|Buck|P.O. Box 546, 9108 Ipsum Rd.|Phasellus.elit@dolorsit.ca
59|Chaim|Meadows|Ap #203-5870 Vivamus St.|sed.facilisis.vitae@nuncQuisqueornare.co.uk
60|Sean|Erickson|Ap #244-5722 Feugiat Rd.|metus.Aliquam@orciquis.edu
61|Daryl|Lynn|P.O. Box 407, 7316 Elit, Av.|rhoncus@turpisAliquamadipiscing.co.uk
62|James|Shepherd|P.O. Box 711, 617 Vulputate, St.|imperdiet.ullamcorper@quisdiam.net
63|Ocean|Pate|7506 Sed Ave|Sed.molestie.Sed@milacinia.co.uk
64|Dolan|Barnett|7850 Semper St.|imperdiet@mauris.ca
65|Skyler|Alexander|9046 Vitae, Ave|sapien@aliquet.co.uk
66|Todd|Cantu|P.O. Box 402, 4980 Nunc Street|Donec.at.arcu@atsemmolestie.com
67|Roary|Maddox|P.O. Box 797, 7064 Erat, Av.|Vestibulum.ante@dictummagna.edu
68|Brock|Malone|P.O. Box 826, 207 Vitae Av.|arcu@parturient.com
69|Jade|Holloway|P.O. Box 724, 7665 Netus St.|nec.ante@arcuSed.co.uk
70|Brooke|Maxwell|457-4892 Integer St.|dolor.Fusce.feugiat@nisi.ca
71|Mikayla|Carney|9807 Aenean Rd.|fringilla.ornare@vitae.net
72|Edward|Bryan|P.O. Box 188, 454 Erat, Av.|porttitor.interdum.Sed@est.co.uk
73|Ivor|Stuart|P.O. Box 484, 3845 Nunc Rd.|quis.pede@accumsan.net
74|Allegra|Reynolds|P.O. Box 665, 8618 Magna Road|lobortis.nisi@nequeseddictum.net
75|Rhea|Puckett|Ap #240-9223 Urna. Street|Curae.Donec@elitpellentesque.net
76|Sharon|Scott|5728 Dolor, Rd.|molestie.in@interdum.ca
77|Vance|Goodwin|2784 Dui Street|enim.gravida@non.ca
78|Kadeem|Harding|6546 Sagittis Avenue|vitae.purus@in.com
79|Kai|Whitley|6660 Quis, Rd.|quis.lectus@ipsumDonec.org
80|Bevis|Gilbert|4622 Tempor Ave|vitae.sodales@est.com
81|Gil|Quinn|4201 A, Rd.|accumsan.sed.facilisis@neccursusa.net
82|Yoshio|Price|Ap #371-329 Sem St.|Nunc.ullamcorper@maurisidsapien.ca
83|Zachery|Paul|974-466 Nunc St.|convallis.in@quispede.org
84|Amal|Bailey|P.O. Box 896, 1686 Est. St.|purus.Nullam@ullamcorpervelitin.co.uk
85|Alfreda|Roman|3129 Sit Rd.|arcu.Curabitur.ut@eget.ca
86|Kelsey|Howard|Ap #554-2614 Tempus Rd.|facilisi.Sed@Cras.org
87|David|Ross|824-4196 Accumsan Street|blandit@tristique.ca
88|Reagan|Alford|8737 Urna St.|amet.risus@aliquamadipiscinglacus.co.uk
89|Stewart|Thomas|7435 Fringilla. Rd.|augue.eu@enimconsequat.net
90|Jack|Guzman|Ap #229-9715 Et, Rd.|auctor@accumsansed.com
91|Seth|Norris|524-364 Purus. Rd.|libero.Morbi.accumsan@nec.edu
92|Hoyt|Farley|559-2928 Tortor Avenue|commodo@leoelementumsem.org
93|Erasmus|Stephenson|P.O. Box 505, 9824 Molestie Av.|eros@vulputatevelit.edu
94|Kylan|Bond|206-2227 Nec, Av.|mi.pede@mattis.org
95|Damon|Lopez|558-8682 Erat St.|consequat@auctornon.com
96|Jesse|Rose|P.O. Box 636, 9490 Elit Road|vitae.mauris@sedhendrerit.org
97|Jena|Herring|Ap #961-7715 Lectus Av.|porttitor.interdum@nonummy.net
98|Lawrence|Wagner|486-1032 Eget Ave|mollis.vitae@enimcommodohendrerit.org
99|Elvis|Walker|440 Quis Street|posuere.cubilia@nequenonquam.org
100|Gage|Sharp|210-6774 Nunc Rd.|Curabitur.dictum.Phasellus@penatibus.com